Targeted Website Conversion,Average Order Value,Targeted ROAS,CPC Ceiling [For Reference],ON Platform - Organic,ON Platform - Paid,3rd Party Channels,Offline Stores,Net # of orders / day,Revenues per week (L),MRR (L),GMV ARR (Cr),Private Label Brands,3rd Party Brands,NMV MRR (L),NMV ARR (INR Cr),NMV %,Product + Packaging cost + Shipping,COGS Monthly (INR L),COGS ARR (INR Cr),COGS (% of GMV),Gross Margin ARR (INR Cr),Gross Margin%,Order processing fees,Order processing fees.1,Warehousing + Shipping,Store Merchant Fees,3rd Party Channel Margins.1,Contribution margin 1 (L),Contribution Margin 1 %,Daily Paid Marketing Budget (INR),Weekly marketing spend (L),Monthly marketing spend (L),# of order / day,Revenue / week (L),Paid - Channel ARR (Cr),Marketing %,Marketplace mktg / week (L),# of order / day.1,marketplace revenue / week (L),marketplace ARR (Cr),Offline mktg / week (L),Overall Marketing spend / week (L),Overall Marketing spend / month (L),Blended Marketing %age,Contribution margin 2 (L),Contribution Margin 2 %,Payroll,Other operating expenses,EBITDA (L),EBITDA Margin %,Opening Cash Balance,Cash-in Revenue,Investments,Cash-out Costs,Cash-out Inventory,Cash movement for the month,Closing Cash Balance,Cost of Inventory,Cash for Additional Inventory,Investment Infusion ,Conversion_to_ROAS,Total_Cash_Flow,CPC_to_orders,Investment_to_Cash_in,Revenue_to_Cost_Growth
0.2158205119700236,1200,-2.803709106892799,2.0560553860093824,-2.7846958391975862,1.0540354516898711,2.4302047807655045,-1.60955916583034,-0.846081425647559,1.26,5.4,0.6,-1.4354400789221895,1.4346763361815065,2.2,0.3,-1.4353399459794929,1.4142135623730945,0.0,0.0,-1.51368975279453,0.3,-1.3339484218391255,1.096960703402874,-1.2038600022067447,-2.4397265355382283,-2.110579412044346,2.4302047807655063,0,-1.6822344536767635,3456,0.24,1.04,-0.8491752133729091,0.6,0.31,3.307269586843757,0.03,-0.9195440782323944,0.63,0.3,0.0,0.27,1.17,2.963179383737422,-0.1,-2.353287014124013,2.9353234005188327,1.8605210188381267,-0.5179787712910179,-2.7182997952034302,-0.2516062185352725,-0.8038590952566557,-0.0894144646524128,-0.8163808016111032,-0.1385640628955551,-0.2177571471864207,-0.2768516321322496,-0.7994487438615135,0.0,-0.1758631145281647,3.808395060547772,-0.2178048176084724,6.574180769744844,1.3797731000521536,0.4229504839979217
0.2158205119700236,1200,-2.803709106892799,2.0560553860093824,-2.7846958391975862,1.0540354516898711,2.4302047807655045,-1.60955916583034,-0.8457314476934585,2.52,10.8,1.3,-1.4354400789221895,1.4346763361815065,4.3,0.5,-1.4353399459794929,1.4142135623730945,0.0,0.0,-1.51368975279453,0.5,-1.3339484218391255,1.096960703402874,-1.2038600022067447,-2.4397265355382283,-2.110579412044346,2.4302047807655063,0,-1.6822344536767635,6912,0.48,2.07,-0.8487662946552298,1.2,0.62,3.307269586843757,0.06,-0.9188987032683512,1.26,0.6,0.0,0.55,2.34,2.963179383737422,-0.3,-2.353287014124013,2.9353234005188327,1.8605210188381267,-0.5214563058414778,-2.7182997952034302,-0.2426803854251191,-0.8038590952566557,-0.1773631184088844,-0.8163808016111032,-0.1385640628955551,-0.2417940231539294,-0.2774586852478209,-0.7994487438615135,0.0,-0.1758631145281647,3.808395060547772,-0.2418418531197184,3.155810041098652,-0.1574262639841924,0.4229504839979217
0.2158205119700236,1200,-2.4638655787845813,1.3858955911315196,-2.7846958391975862,1.0540354516898711,2.4302047807655045,-1.60955916583034,-0.8452648104213246,4.2,18.0,2.2,-1.4354400789221895,1.4346763361815065,7.2,0.9,-1.4353399459794929,1.4142135623730945,0.0,0.0,-1.51368975279453,0.9,-1.3339484218391255,1.096960703402874,-1.2038600022067447,-2.4397265355382283,-2.110579412044346,2.4302047807655063,0,-1.6822344536767635,10473,0.73,3.14,-0.848182125058545,2.0,1.04,2.6095226029114955,0.11,-0.9179767390340036,2.1,1.1,0.0,0.84,3.59,2.395033308298842,-0.4,-2.104347233869305,2.9353234005188327,1.8605210188381267,-0.5249338403919379,-2.570304130778641,-0.2434242048509652,-0.80346967580879,-0.1773631184088844,-0.8159726894317986,-0.1385640628955551,-0.2431807659982088,-0.2785210282000707,-0.7994487438615135,0.0,-0.1758631145281647,3.037485131424312,-0.2432286051684441,1.6025878412700385,-0.1574262639841924,0.4229504839979217
0.2158205119700236,1200,-2.4638655787845813,1.3858955911315196,-1.794092576241923,1.504157352767396,1.6647859521779445,-1.60955916583034,-0.8446815138311573,6.3,27.0,3.2,-1.4354400789221895,1.4346763361815065,10.8,1.3,-1.4353399459794929,1.4142135623730945,0.0,0.0,-1.51368975279453,1.3,-1.3339484218391255,1.096960703402874,-0.2657872732144759,-1.6292983438023465,-0.904534033733292,1.6647859521779451,1,-1.4417153536748706,16364,1.15,4.91,-0.8473642876231863,3.2,1.62,2.6095226029114955,0.14,-0.9171469712230907,2.84,1.5,0.0,1.29,5.52,2.550867660419139,-0.6,-2.0232639911577706,2.9353234005188327,1.8605210188381267,-0.5249338403919379,-2.52209982865171,-0.2447258888461959,-0.8030802563609244,-0.1773631184088844,-0.8151564650731895,-0.1385640628955551,-0.2445675088424881,-0.2798868977101061,-0.7994487438615135,0.0,-0.1758631145281647,3.037485131424312,-0.2441531065342612,0.980871664997512,-0.1574262639841924,-3.1238495474406136
-2.1821851765858185,1200,-2.124022050676363,-0.7170196272783275,-1.794092576241923,1.504157352767396,1.6647859521779445,-1.60955916583034,-0.843864898604923,9.24,39.6,4.8,-1.4354400789221895,1.4346763361815065,15.8,1.9,-1.4353399459794929,1.4142135623730945,0.0,0.0,-1.51368975279453,1.9,-1.3339484218391255,1.096960703402874,-0.2657872732144759,-1.6292983438023465,-0.904534033733292,1.6647859521779451,1,-1.4417153536748706,22000,1.54,6.6,-0.846371199308822,4.6,2.38,2.028705745407444,0.21,-0.9156718284481348,4.16,2.1,0.0,1.75,7.49,2.0606387610407078,-0.7,-1.8070420105936809,2.9353234005188327,1.8605210188381267,-0.5284113749423979,-2.3935550229798928,-0.2463994825543497,-0.8026908369130588,-0.1773631184088844,-0.814748352893885,-0.1385640628955551,-0.2464164993015272,-0.2820115836146056,-0.7994487438615135,0.0,-0.1758631145281647,0.6283916029134986,-0.2464643599488041,0.3201161411989696,-0.1574262639841924,-2.414489541152905
-2.1821851765858185,1200,-2.124022050676363,-0.7170196272783275,-0.968589857112204,1.504157352767396,0.8993671235903844,-1.277691296586971,-0.8426983054245883,13.44,57.6,6.9,-1.4354400789221895,1.4346763361815065,23.0,2.8,-1.4353399459794929,1.4142135623730945,0.0,0.0,-1.51368975279453,2.8,-1.3339484218391255,1.096960703402874,0.6722854557777929,-0.920173676033451,-0.904534033733292,0.8993671235903854,2,-1.2034653017862027,32000,2.24,9.6,-0.84491077531711,6.7,3.46,2.028705745407444,0.27,-0.914381078520048,5.38,2.8,0.02,2.53,10.85,2.034666369020658,-0.8,-1.6462980382006402,1.9469990232397647,1.8605210188381267,-0.5318889094928579,-1.8751473527376308,-0.2490028505448111,-0.8019119980173275,-0.1773631184088844,-0.8139321285352761,-0.1385640628955551,-0.2478032421458066,-0.2845915593557836,-0.7994487438615135,0.0,3.3413991760351305,0.6283916029134986,-0.2478511119975298,0.1380296322156853,-0.1574262639841924,-1.603792391109811
-2.1821851765858185,1200,-1.784178522568145,-1.0713569900873126,-0.968589857112204,1.504157352767396,0.8993671235903844,-1.277691296586971,-0.8412983936081867,18.48,79.2,9.5,-1.4354400789221895,1.4346763361815065,31.7,3.8,-1.4353399459794929,1.4142135623730945,0.0,0.0,-1.51368975279453,3.8,-1.3339484218391255,1.096960703402874,0.6722854557777929,-0.920173676033451,-0.904534033733292,0.8993671235903854,2,-1.2034653017862027,40615,2.84,12.18,-0.8431582665270555,9.2,4.75,1.5379825918726668,0.37,-0.912168364357614,7.39,3.8,0.03,3.25,13.91,1.6191080966998674,-0.9,-1.464216370357196,1.5516692723281371,1.8605210188381267,-0.5353664440433179,-1.5977611931300255,-0.2521640831046571,-0.8011331591215961,3.3405830318499805,-0.8127077919973624,-0.1385640628955551,0.6748429969147187,0.0157479695731119,-0.7994487438615135,0.0,-0.1758631145281647,0.220698851934745,0.6748012510879876,0.0064417817237651,7.528570556197537,-2.414489541152905
-1.222982901163481,1200,-1.4443349944599269,-0.8479703917946915,-0.968589857112204,1.504157352767396,0.8993671235903844,-1.277691296586971,-0.8394318445196512,25.2,108.0,13.0,-1.4354400789221895,1.4346763361815065,43.2,5.2,-1.4353399459794929,1.4142135623730945,0.0,0.0,-1.51368975279453,5.2,-1.3339484218391255,1.096960703402874,0.6722854557777929,-0.920173676033451,-0.904534033733292,0.8993671235903854,3,-1.2034653017862027,51429,3.6,15.43,-0.8408215881403162,12.6,6.48,1.1162673818037188,0.5,-0.9092180788077018,10.08,5.2,0.04,4.15,17.78,1.2619877064241896,-1.0,-1.3077399370542364,1.15633952141651,1.8605210188381267,-0.5353664440433179,-1.3355974447203989,0.1158405778327098,-0.7999649007779993,-0.1773631184088844,-0.8114834554594488,-0.1385640628955551,-0.2515012230638848,0.0119538876007913,-0.7994487438615135,0.0,-0.1758631145281647,0.4769628668356764,-0.2515491174607985,-0.0549658818391309,-0.1574262639841924,-1.7596956891950224
-1.222982901163481,1200,-1.4443349944599269,-0.8479703917946915,-0.968589857112204,1.504157352767396,0.8993671235903844,-1.277691296586971,-0.8370986581589819,33.6,144.0,17.3,-1.3371334875110132,1.3363434824336304,58.5,7.0,-1.337006540226159,1.4142135623730945,0.6,0.1,-1.39194526865556,6.9,-1.263462375771008,1.096960703402874,0.6722854557777929,-0.920173676033451,-0.904534033733292,0.8993671235903854,4,-1.1580843395216944,68571,4.8,20.57,-0.8379007401568921,16.8,8.64,1.1162673818037188,0.67,-0.9055302218703116,13.44,6.9,0.06,5.53,23.7,1.2619877064241896,-1.2,-1.2792896764536985,0.7610097705048828,1.8605210188381267,-0.5423215131442379,-1.1495457523006638,0.1111917064211716,-0.7987966424344023,-0.1773631184088844,-0.8098510067422309,-0.1385640628955551,-0.2538124611376837,0.0074009892340066,-0.7979679175886161,0.0,-0.1758631145281647,0.4769628668356764,-0.2538603708753414,-0.1068645832662332,-0.1574262639841924,-2.08067306760575
-1.222982901163481,1200,-0.7646479382434908,-1.4102883806002553,-0.968589857112204,1.504157352767396,0.8993671235903844,-1.277691296586971,-0.8347654717983125,42.0,180.0,21.6,-1.2879801918054252,1.2871770555596924,73.6,8.8,-1.287839837349493,1.4142135623730945,1.1,0.1,-1.3310730265860748,8.7,-1.2282193527369512,1.096960703402874,0.6722854557777929,-0.920173676033451,-0.904534033733292,0.8993671235903854,5,-1.1353938583894398,75000,5.25,22.5,-0.834979892173468,21.0,10.8,0.4319386091009246,0.84,-0.9018423649329214,16.8,8.6,0.07,6.16,26.42,0.6841019839780912,-0.7,-1.0118572268086397,0.3656800195932552,1.8605210188381267,-0.5423215131442379,-0.8214182220331309,0.1056130607273257,-0.7972389646429396,-0.1773631184088844,-0.8082185580250127,-0.1385640628955551,-0.2542747087524435,0.0026963275883291,-0.7979679175886161,0.0,-0.1758631145281647,-0.1666092614950695,-0.25432262155825,-0.1536001205719429,-0.1574262639841924,-1.6037923911098126
-0.7433817634523122,1200,-0.0849608820270545,-1.6413779650408975,-0.968589857112204,1.504157352767396,0.8993671235903844,-1.277691296586971,-0.8324322854376432,50.4,216.0,25.9,-1.2388268960998374,1.2380106286857546,89.0,10.7,-1.2386731344728257,1.4142135623730945,1.7,0.2,-1.2702007845165897,10.5,-1.192976329702892,1.096960703402874,0.6722854557777929,-0.920173676033451,-0.904534033733292,0.8993671235903854,7,-1.1127033772571864,80000,5.6,24.0,-0.8320590441900438,25.2,12.96,-0.1009560654407473,1.01,-0.8981545079955311,20.16,10.4,0.09,6.7,28.7,0.2328316726297338,-0.1,-0.7999027853346306,-0.0296497313183717,1.8605210188381267,-0.5388439785937779,-0.5262725826945509,0.0998484601770182,-0.7956812868514772,-0.1773631184088844,-0.8069942214870991,-0.1385640628955551,-0.2542747087524435,-0.0020083340573483,-0.7979679175886161,0.0,-0.1758631145281647,-0.4316095496312592,-0.2543226215582498,-0.1771014193313855,-0.1574262639841924,-0.7593161931482552
-0.7433817634523122,1200,-0.7646479382434908,-1.1791987961596122,-0.968589857112204,1.504157352767396,0.516657709296604,-0.9458234273436018,-0.8300990990769739,58.8,252.0,30.2,-1.1896736003942494,1.1888442018118166,104.6,12.5,-1.1895064315961594,1.4142135623730945,2.5,0.3,-1.2093285424471043,12.2,-1.1577333066688311,1.096960703402874,1.6103581847700617,-0.5149595801655101,-0.904534033733292,0.5166577092966048,8,-0.9697533461239856,105000,7.35,31.5,-0.8291381962066198,29.4,15.12,0.4319386091009246,1.1,-0.8960339902565317,22.05,11.3,0.21,8.66,37.11,0.7003347289906229,-0.6,-0.91512634076681,-0.0296497313183717,1.8605210188381267,-0.5457990476946979,-0.5947734330854534,0.0940838596267108,-0.7945130285078802,-0.1773631184088844,-0.8053617727698811,-0.132279978410496,-0.2579726896705218,-0.0079271019341684,-0.7964870913157187,0.1,-0.1758631145281647,0.0983910266411201,-0.2580206270215185,-0.180153536053391,-0.1574262639841924,-1.0971066723328775
-0.7433817634523122,1400,-0.6558980092488609,-0.5860688627619635,-0.968589857112204,1.504157352767396,0.516657709296604,-0.9458234273436018,-0.8269026337628569,82.03,352.0,42.2,-1.1306896455475437,1.129844489563092,147.2,17.7,-1.127228607952381,0.7071067811865461,4.0,0.5,-1.1514999124810936,17.2,-1.0907715629041213,1.096960703402874,1.6103581847700617,-0.5149595801655101,-0.904534033733292,0.5166577092966048,11,-0.9266414319727024,143486,10.04,43.05,-0.8251074259894945,41.0,21.09,0.3341773558576679,1.54,-0.8913319726613592,30.76,15.8,0.29,11.87,50.87,0.6159244549254619,-0.5,-0.8511132544155992,-0.4249794822299991,0.620173672946042,-0.5457990476946979,-0.3452950273408086,0.0868316202247112,-0.7906188340292237,-0.1773631184088844,-0.8008725387975314,-0.132279978410496,-0.2598216801295609,-0.0144529229265597,-0.7950062650428215,0.1,-0.1758631145281647,0.0048615131812888,-0.2598696297531528,-0.1838146175216031,-0.1574262639841924,-1.0321469647973738
-0.7433817634523122,1400,-0.5335543391299025,-0.6785046965382205,-0.968589857112204,1.504157352767396,0.516657709296604,-0.9458234273436018,-0.8230762081313591,98.1,420.0,50.5,-1.0618750315597203,1.0708447773143654,177.6,21.3,-1.0665896744044925,0.7071067811865461,6.0,0.7,-1.0784532219977114,20.6,-1.0414313306564384,1.096960703402874,1.6103581847700617,-0.5149595801655101,-0.904534033733292,0.5166577092966048,14,-0.8971438065007723,168168,11.77,50.45,-0.8203172352966789,49.0,25.23,0.2402498772514023,1.84,-0.885707990831839,36.79,18.9,0.34,13.95,59.8,0.5380072788653143,-0.2,-0.7970577592745767,-0.4249794822299991,0.620173672946042,-0.5527541167956179,-0.3131588259228543,0.0788355613968654,-0.7878928978941643,-0.1773631184088844,-0.7980157535423998,-0.132279978410496,-0.2630574134328794,-0.0220410868712008,-0.7935254387699241,0.1,-0.1758631145281647,-0.0960696164516229,-0.2631053845335129,-0.1979966799666541,-0.1574262639841924,-0.810719092154611
-0.7433817634523122,1400,-0.4248044101352726,-0.7709405303144776,-0.968589857112204,1.504157352767396,0.516657709296604,-0.9458234273436018,-0.8185031628644472,117.31,503.0,60.3,-1.0028910767130146,1.0020117796908523,214.3,25.7,-1.0043118507607138,0.7071067811865461,8.0,1.0,-1.0084501436178035,24.7,-0.9956154007121611,1.096960703402874,1.6103581847700617,-0.5149595801655101,-0.904534033733292,0.5166577092966048,17,-0.8653771329156164,197153,13.8,59.15,-0.8145923732491677,58.7,30.16,0.1501561732821272,2.2,-0.8788854554976672,43.99,22.6,0.41,16.41,70.33,0.4600901028051659,0.2,-0.7444247771635811,-0.4249794822299991,0.620173672946042,-0.556231651346078,-0.2818683140158988,0.0695378185737889,-0.7847775423112391,-0.1773631184088844,-0.7943427439286591,-0.132279978410496,-0.2672176419657174,-0.0309951203258774,-0.7920446124970267,0.1,-0.1758631145281647,-0.1821975137383745,-0.26726564067969,-0.2096394823969766,-0.1574262639841924,-0.8667949819797274
-0.7433817634523122,1400,-0.3160544811406427,-0.8556733779427127,-0.968589857112204,1.504157352767396,0.516657709296604,-0.9458234273436018,-0.8130435067804809,140.24,601.0,72.1,-0.9439071218663092,0.9430120674421268,258.4,31.0,-0.9436729172128252,0.7071067811865461,11.0,1.4,-0.9354034531344214,29.6,-0.9462751684644783,1.096960703402874,1.6103581847700617,-0.5149595801655101,-0.904534033733292,0.5166577092966048,20,-0.833610459330461,231162,16.18,69.35,-0.8077575889679552,70.1,36.06,0.0638962439498416,2.63,-0.8707721702354086,52.59,27.0,0.49,19.3,82.72,0.3854194757475241,0.7,-0.6932143080826124,-0.4249794822299991,0.620173672946042,-0.5631867204469979,-0.2514234916199422,0.0585664820425587,-0.7808833478325827,-0.1773631184088844,-0.7902616221356139,-0.1259958939254367,-0.2718401181133152,-0.0414667865694821,-0.7905637862241294,0.2,-0.1758631145281647,-0.2651428559290798,-0.2718881475087758,-0.2191144138737089,-0.1574262639841924,-0.6683726025985495
-0.7433817634523122,1400,-0.1937108110216844,-0.9404062255709486,-0.968589857112204,1.504157352767396,0.516657709296604,-0.9458234273436018,-0.8065105849706068,167.68,719.0,86.2,-0.8849231670196035,0.8840123551934024,311.7,37.4,-0.8813950935690468,0.7071067811865461,15.0,1.8,-0.8623567626510392,35.6,-0.8969349362167957,1.096960703402874,1.6103581847700617,-0.5149595801655101,-0.904534033733292,0.5166577092966048,24,-0.8018437857453056,271177,18.98,81.35,-0.7995792146143678,83.8,43.12,-0.0204467980639473,3.14,-0.8610915457747593,62.88,32.3,0.59,22.71,97.34,0.3172419466948948,1.5,-0.6420038390016438,-0.4249794822299991,0.620173672946042,-0.566664254997458,-0.2209786692239854,0.0457355969467132,-0.776210314458195,-0.1773631184088844,-0.7849561638046552,-0.1259958939254367,-0.2778493371051924,-0.0539113754386935,-0.7876021336783348,0.2,-0.1758631145281647,-0.3548673847411407,-0.2778974063865873,-0.2269110366479023,-0.1574262639841924,-0.6683726025985495
-0.7433817634523122,1400,-0.0849608820270545,-1.0251390731991843,-0.968589857112204,1.504157352767396,0.516657709296604,-0.9458234273436018,-0.7986944106623645,200.51,859.0,103.1,-0.8161085530317802,0.8250126429446757,376.0,45.1,-0.820756160021158,0.7071067811865461,20.0,2.4,-0.7893100721676571,42.7,-0.8475947039691148,1.096960703402874,1.6103581847700617,-0.5149595801655101,-0.904534033733292,0.5166577092966048,29,-0.7723461602733748,318267,22.28,95.48,-0.7898235823497312,100.3,51.56,-0.1009560654407473,3.76,-0.8495669928454148,75.19,38.7,0.7,26.74,114.6,0.2490644176422647,2.5,-0.592215882950702,-0.4249794822299991,0.620173672946042,-0.577096858648838,-0.1913795363390276,0.0304872987168677,-0.770758442188076,-0.1773631184088844,-0.7788344811150874,-0.1259958939254367,-0.2843208037118294,-0.0684806502124045,-0.7831596548596427,0.2,-0.1758631145281647,-0.4316095496312592,-0.2843689159473073,-0.2333224237394717,-0.1574262639841924,-0.6449032889083057
-0.2637806257411451,1400,0.0237890469675753,-0.8710793502387559,-0.7044289869906936,1.1215537368514998,0.516657709296604,-0.8396257091857238,-0.7893383333560803,239.81,1028.0,123.3,-0.7571245981850745,0.7561796453211626,453.5,54.4,-0.7584783363773797,0.7071067811865461,27.0,3.2,-0.7193069937877492,51.2,-0.8017787740248395,1.096960703402874,1.6103581847700617,-0.5149595801655101,-0.904534033733292,0.5166577092966048,35,-0.7405794866882194,361266,25.29,108.38,-0.780476868802774,115.9,59.61,-0.1776315581805557,4.5,-0.8356453329067668,89.93,46.2,0.98,30.76,131.85,0.0834904185144503,4.5,-0.5011750490289799,-0.4249794822299991,-0.6201736729460424,-0.577096858648838,-0.0949709320851649,0.0126356324965609,-0.76413831157436,-0.1773631184088844,-0.7718965740669106,-0.1197118094403776,-0.2884810322446674,-0.0844157944961508,-0.7787171760409507,0.3,-0.1758631145281647,-0.2742294658473215,-0.2885291720934846,-0.2372407163760191,-0.1574262639841924,-0.4798713421864318
-0.2637806257411451,1400,0.1461327170865337,-0.9481092117189698,-0.4072480081039948,0.7614562159894813,0.516657709296604,-0.7201532762581108,-0.7781623706884742,286.75,1229.0,147.5,-0.6981406433383689,0.6971799330724382,546.9,65.6,-0.697839402829491,0.7071067811865461,35.0,4.2,-0.646260303304367,61.4,-0.7524385417771567,1.096960703402874,1.6103581847700617,-0.5149595801655101,-0.904534033733292,0.5166577092966048,43,-0.7088128131030634,409640,28.67,122.89,-0.7698449821431103,133.8,68.82,-0.2523901636018696,5.38,-0.8191421731119455,107.53,55.3,1.34,35.39,151.67,-0.075590482608352,7.2,-0.4115567281372848,-0.4249794822299991,-0.6201736729460424,-0.584051927749758,-0.0416924928922407,-0.0068896274318996,-0.756349922617047,-0.1773631184088844,-0.7633262183015157,-0.1134277249553184,-0.2954147464660642,-0.1024756246843967,-0.7727938709493614,0.4,-0.1758631145281647,-0.3589756376795838,-0.2950006816542045,-0.2417508008065935,-0.1574262639841924,-0.4434434168114894
-0.2637806257411451,1400,0.2548826460811635,-1.0251390731991843,-0.1430871379824844,0.3788526000735851,0.516657709296604,-0.6139555581002327,-0.7647932128418388,342.9,1470.0,176.3,-0.6391566884916632,0.6381802208237126,659.5,79.1,-0.6355615791857125,0.7071067811865461,45.0,5.4,-0.5732136128209849,73.7,-0.703098309529474,1.096960703402874,1.6103581847700617,-0.5149595801655101,-0.904534033733292,0.5166577092966048,51,-0.6770461395179074,464078,32.49,139.22,-0.7575774206127289,154.3,79.36,-0.3252318817046875,6.43,-0.799319942073473,128.59,66.1,1.8,40.72,174.49,-0.2281782857261422,10.6,-0.3262059463356704,-0.4249794822299991,-0.6201736729460424,-0.587529462300218,0.009048877767687,-0.0290182553508216,-0.7470038558682717,-0.1773631184088844,-0.7531234138189028,-0.1071436404702592,-0.3032729559169804,-0.1232671938927134,-0.7653897395848746,0.5,-0.1758631145281647,-0.4316095496312592,-0.303321193946559,-0.245463949121902,-0.1574262639841924,-0.3955418309494325
-0.2637806257411451,1400,0.3636325750757934,-1.1021689346793984,0.1210737321390258,-0.003751015842311,0.516657709296604,-0.5077578399423545,-0.7488108862712537,410.03,1757.0,210.9,-0.5703420745038399,0.5791805085749859,795.2,95.4,-0.5749226456378238,0.7071067811865461,58.0,7.0,-0.5001669223376026,88.4,-0.6537580772817913,1.096960703402874,1.6103581847700617,-0.5149595801655101,-0.904534033733292,0.5166577092966048,62,-0.6475485140459778,525164,36.76,157.55,-0.7436741842116302,177.7,91.38,-0.3942398251705158,7.69,-0.7756254612507408,153.76,79.1,2.39,46.84,200.75,-0.3742729908389196,15.1,-0.2422776775640828,-0.4249794822299991,-0.6201736729460424,-0.594484531401138,0.058944558916616,-0.0544940706860512,-0.735710691880168,-0.1773631184088844,-0.7412881606190718,-0.0945754715001408,-0.3152913939007348,-0.1480046083522434,-0.7550239556745931,0.7,-0.1758631145281647,-0.5018373692615541,-0.3153397117021819,-0.2485183245220607,-0.1574262639841924,-0.2672376302279544
-0.2637806257411451,1400,0.4859762451947518,-1.1714958100115909,0.4182547110257241,-0.3638485367043297,0.516657709296604,-0.3882854070147417,-0.729678758113765,490.39,2102.0,252.2,-0.5113581196571344,0.5103475109514728,958.9,115.1,-0.5126448219940455,0.7071067811865461,75.0,9.0,-0.4301638439576948,106.1,-0.607942147337514,1.096960703402874,1.6103581847700617,-0.5149595801655101,-0.904534033733292,0.5166577092966048,75,-0.6157818404608218,593695,41.56,178.11,-0.727784771181803,204.3,105.08,-0.4613308813178486,9.19,-0.747228962832836,183.9,94.6,3.15,53.9,231.0,-0.5138745979466848,20.9,-0.1611944348525492,-0.4249794822299991,-0.6201736729460424,-0.5979620659515981,0.1071488610435473,-0.0848047122892805,-0.7224704306527361,-0.1773631184088844,-0.7270042343434135,-0.0882913870150816,-0.3240740985811707,-0.1754737618318443,-0.7431773454914145,0.8,-0.1758631145281647,-0.5781137739667135,-0.3236602239945363,-0.2510115608226852,-0.1574262639841924,-0.221922248990902
0.2158205119700236,1400,0.5947261741893817,-1.0251390731991843,0.6824155811472346,-0.7464521526202259,0.516657709296604,-0.2820876888568634,-0.7068135317792055,586.43,2513.0,301.6,-0.4523741648104287,0.4513477987027484,1156.1,138.7,-0.4520058884461567,0.7071067811865461,96.0,11.5,-0.3571171534743127,127.3,-0.5586019150898313,1.096960703402874,1.6103581847700617,-0.5149595801655101,-0.904534033733292,0.5166577092966048,90,-0.5840151668756658,670208,46.91,201.06,-0.709733930644242,234.6,120.64,-0.5265050501466859,11.0,-0.7133928754322807,219.91,113.1,4.11,62.02,265.78,-0.6469831070494374,28.2,-0.0829562182010693,-0.4249794822299991,-0.6201736729460424,-0.604917135052518,0.1536617841484811,-0.1184625413088173,-0.7065042332902447,-0.1773631184088844,-0.7098635228126239,-0.0757232180449632,-0.3328568032616065,-0.2061299441681944,-0.728369082762441,1.0,-0.1758631145281647,-0.4316095496312592,-0.3333674883356164,-0.2525637811719874,-0.1574262639841924,-0.1726953228085482
0.2158205119700236,1600,0.5947261741893817,-0.4089001813574705,0.6824155811472346,-0.7464521526202259,0.1339482950028235,0.0497801803865056,-0.687284761940403,763.95,3274.0,392.9,-0.3737288916814877,0.3726815157044476,1522.4,182.7,-0.370061383651712,-1.9626155733547185e-15,128.0,15.3,-0.3266810324395701,167.4,-0.4176298229535978,-0.0281271975231494,-0.2657872732144759,-0.1097454842975692,0.3015113445777618,0.1339482950028253,127,-0.3139984414018429,873088,61.12,261.93,-0.690222666114969,305.6,157.16,-0.5265050501466859,13.37,-0.7002087868811107,267.38,137.5,6.68,81.17,347.87,-0.6307503620369066,45.5,0.0792102672219982,-0.4249794822299991,-0.6201736729460424,-0.5979620659515981,0.2500703884023439,-0.1560254223140463,-0.6769083552524556,-0.1773631184088844,-0.6792551093647848,-0.069439133559904,-0.3347057937206456,-0.2370896530623302,-0.7135608200334675,1.1,-0.1758631145281647,-0.4316095496312592,-0.3342919897014335,-0.2525376096157233,-0.1574262639841924,0.0019653170615968
0.2158205119700236,1600,0.5947261741893817,-0.4089001813574705,0.6824155811472346,-0.7464521526202259,0.1339482950028235,0.0497801803865056,-0.6650261640596173,870.8,3732.0,447.8,-0.2852529594114295,0.2841819473313593,1754.0,210.5,-0.2881168788572681,-1.9626155733547185e-15,157.0,18.8,-0.2353726693353423,191.7,-0.3471437768854801,-0.0281271975231494,-0.2657872732144759,-0.1097454842975692,0.3015113445777618,0.1339482950028253,146,-0.2686174791373341,995200,69.66,298.56,-0.6679073875216087,348.3,179.14,-0.5265050501466859,15.24,-0.6694151814539022,304.78,156.7,7.62,92.52,396.53,-0.6307503620369066,53.6,0.1076605278225363,-0.4249794822299991,-0.6201736729460424,-0.604917135052518,0.2669841786223198,-0.1939602130321984,-0.6589950606506362,-0.1773631184088844,-0.6600738369374726,-0.0568709645897856,-0.3471864793191597,-0.272298733765465,-0.694310078485802,1.3,-0.1758631145281647,-0.4316095496312592,-0.3472350088228736,-0.2537674509465211,-0.1574262639841924,0.0165463137289225
0.2158205119700236,1600,0.5947261741893817,-0.4089001813574705,0.6824155811472346,-0.7464521526202259,0.1339482950028235,0.0497801803865056,-0.6396410964555349,992.66,4254.0,510.5,-0.2066076862824885,0.2055156643330586,2020.8,242.5,-0.2061723740628233,-1.9626155733547185e-15,191.0,23.0,-0.1440643062311147,219.5,-0.2766577308173624,-0.0281271975231494,-0.2657872732144759,-0.1097454842975692,0.3015113445777618,0.1339482950028253,169,-0.2232365168728259,1134464,79.41,340.34,-0.6424960100658189,397.1,204.2,-0.5265050501466859,17.37,-0.6342883441252604,347.43,178.7,8.69,105.47,452.01,-0.6307503620369066,63.0,0.1361107884230744,-0.4249794822299991,-0.6201736729460424,-0.608394669602978,0.2838979688422958,-0.2371017397312732,-0.6387452493616226,-0.1773631184088844,-0.638443891434333,-0.0443027956196672,-0.3610539077619532,-0.3120607128353844,-0.6720976843923417,1.5,-0.1758631145281647,-0.4316095496312592,-0.361102529310131,-0.2548468869638864,-0.1574262639841924,0.0333706178444897
0.2158205119700236,1600,0.5947261741893817,-0.4089001813574705,0.6824155811472346,-0.7464521526202259,0.1339482950028235,0.0497801803865056,-0.610709585583235,1131.54,4849.0,581.9,-0.1279624131535476,0.1268493813347578,2327.7,279.3,-0.1242278692683786,-1.9626155733547185e-15,233.0,27.9,-0.052755943126887,251.4,-0.2061716847492428,-0.0281271975231494,-0.2657872732144759,-0.1097454842975692,0.3015113445777618,0.1339482950028253,194,-0.1778555546083177,1293184,90.52,387.96,-0.6135211980702517,452.6,232.77,-0.5265050501466859,19.8,-0.5942750963545764,396.04,203.7,9.9,120.23,515.25,-0.6307503620369066,74.1,0.1645610490236126,-0.4249794822299991,-0.6201736729460424,-0.6153497387038981,0.3008117590622717,-0.285821912124194,-0.615380082489684,-0.1773631184088844,-0.613957160676062,-0.0254505421644896,-0.3767703266637858,-0.356830880108767,-0.6469236377530869,1.8,6.858661466598425,-0.4316095496312592,-0.376356801846114,-0.2557936466118851,-0.1574262639841924,0.0804023924304167
0.2158205119700236,1600,0.5947261741893817,-0.4089001813574705,0.6824155811472346,-0.7464521526202259,0.1339482950028235,0.0497801803865056,-0.5777183304433703,1289.9,5528.0,663.4,-0.0394864808834893,0.0383498129616695,2681.2,321.7,-0.0422833644739338,-1.9626155733547185e-15,282.0,33.8,0.0385524199773405,287.9,-0.1356856386811271,-0.0281271975231494,-0.2657872732144759,-0.1097454842975692,0.3015113445777618,0.1339482950028253,224,-0.1324745923438101,1474176,103.19,442.25,-0.5804571988978907,516.0,265.35,-0.5265050501466859,22.57,-0.5486378667543723,451.47,232.2,11.29,137.05,587.37,-0.6307503620369066,87.1,0.1930113096241507,-0.4249794822299991,-0.6201736729460424,-0.618827273254358,0.3177255492822476,-0.3406785947803452,-0.5888995600348202,6.858529182108845,-0.5862055324833548,-0.006598288709312,1.4546547230144713,0.1995333003123198,-0.6158262860222427,2.1,-0.1758631145281647,-0.4316095496312592,1.454618153154755,-0.2566244702537204,0.0649533908492753,0.1216294193801339
0.2158205119700236,1600,0.5947261741893817,-0.4089001813574705,0.6824155811472346,-0.7464521526202259,0.1339482950028235,0.0497801803865056,-0.5401073663093804,1470.45,6302.0,756.2,0.0391587922454515,-0.0403164700366312,3087.9,370.6,0.0396611403205108,-1.9626155733547185e-15,340.0,40.8,0.1298607830815685,329.7,-0.0651995926130094,-0.0281271975231494,-0.2657872732144759,-0.1097454842975692,0.3015113445777618,0.1339482950028253,258,-0.0870936300793019,1680512,117.64,504.15,-0.5427782599117197,588.2,302.49,-0.5265050501466859,25.73,-0.4966390839371701,514.66,264.7,12.87,156.24,669.58,-0.6307503620369066,102.2,0.2214615702246889,-0.4249794822299991,-0.6201736729460424,-0.6223048078048181,0.3346393395022236,0.3410319090076221,-0.5589142625491655,-0.1773631184088844,-0.5543727824976025,0.0185380492309246,-0.4142123834593282,0.1423185441697258,-0.578805629199809,2.5,-0.1758631145281647,-0.4316095496312592,-0.4142613578446171,-0.2573533286799248,-0.1574262639841924,0.1361175110044478
0.2158205119700236,1600,0.5947261741893817,-0.4089001813574705,0.6824155811472346,-0.7464521526202259,0.1339482950028235,0.0497801803865056,-0.4972234010002778,1676.3,7184.0,862.1,0.1178040653743925,-0.1189827530349308,3556.2,426.7,0.1216056451149556,-1.9626155733547185e-15,409.0,49.1,0.2211691461857961,377.6,0.0052864534551062,-0.0281271975231494,-0.2657872732144759,-0.1097454842975692,0.3015113445777618,0.1339482950028253,298,-0.041712667814793,1915776,134.1,574.73,-0.4998417945553852,670.5,344.84,-0.5265050501466859,29.34,-0.4373567836686222,586.71,301.7,14.67,178.11,763.32,-0.6307503620369066,119.9,0.2499118308252271,-0.4249794822299991,-0.6201736729460424,-0.6257823423552781,0.3515531297221994,0.2709269281216255,-0.524645351136989,-0.1773631184088844,-0.5180507985395002,0.0436743871711614,-0.4368625165825575,0.0776673873613834,-0.5358616672857861,2.9,-0.1758631145281647,-0.4316095496312592,-0.4369116413071374,-0.2579928105800168,-0.1574262639841924,0.1516105908824035
0.2158205119700236,1600,0.5947261741893817,-0.4089001813574705,0.6824155811472346,-0.7464521526202259,0.1339482950028235,0.0497801803865056,-0.4483431467442549,1910.94,8190.0,982.8,0.2062799976444508,-0.2074823214080202,4094.9,491.4,0.2035501499094003,-1.9626155733547185e-15,491.0,59.0,0.3124775092900236,432.4,0.0757724995232259,-0.0281271975231494,-0.2657872732144759,-0.1097454842975692,0.3015113445777618,0.1339482950028253,343,0.0036682944497151,2183936,152.88,655.18,-0.450888382353197,764.4,393.11,-0.5265050501466859,33.44,-0.3696846088675116,668.83,344.0,16.72,203.04,870.16,-0.6307503620369066,140.5,0.278362091425765,-0.4249794822299991,-0.6201736729460424,-0.629259876905738,0.3684669199421754,0.1917101592690138,-0.4853139869025588,-0.1773631184088844,-0.4772395806090484,0.0813788940815166,-0.4622861353943455,0.0046692502139358,-0.484032747734379,3.5,-0.1758631145281647,-0.4316095496312592,-0.462335428867109,-0.2585536886861569,-0.1574262639841924,0.2012754820330133
0.2158205119700236,1600,0.5947261741893817,-0.4089001813574705,0.6824155811472346,-0.7464521526202259,0.1339482950028235,0.0497801803865056,-0.3926266564514708,2178.4,9336.0,1120.3,0.2849252707733917,-0.286148604406321,4714.7,565.8,0.2854946547038451,-1.9626155733547185e-15,588.0,70.6,0.4037858723942514,495.2,0.1462585455913436,-0.0281271975231494,-0.2657872732144759,-0.1097454842975692,0.3015113445777618,0.1339482950028253,396,0.0490492567142227,2489600,174.27,746.88,-0.3951001858697964,871.4,448.13,-0.5265050501466859,38.12,-0.2926083988760558,762.44,392.1,19.06,231.46,991.95,-0.6307503620369066,164.5,0.3068123520263032,-0.4249794822299991,-0.6201736729460424,-0.629259876905738,0.3853807101621513,0.1022658733110182,-0.4405307503980097,-0.1773631184088844,-0.4303066799890288,0.1190834009918717,-0.4909454875094521,-0.0777382102248667,-0.4233188705455878,4.1,-0.1758631145281647,-0.4316095496312592,-0.4909949712074408,-0.2590456533792666,-0.1574262639841924,0.2281948328524054
0.2158205119700236,1600,0.5947261741893817,-0.4089001813574705,0.6824155811472346,-0.7464521526202259,0.1339482950028235,0.0497801803865056,-0.3290939918504444,2483.38,10643.0,1277.2,0.3635705439023326,-0.3648148874046206,5428.0,651.4,0.3674391594982898,-1.9626155733547185e-15,702.0,84.3,0.4950942354984792,567.1,0.2167445916594612,-0.0281271975231494,-0.2657872732144759,-0.1097454842975692,0.3015113445777618,0.1339482950028253,456,0.0944302189787309,2838144,198.67,851.44,-0.3314841167908193,993.4,510.87,-0.5265050501466859,43.46,-0.2047452073427336,869.18,447.0,21.73,263.86,1130.82,-0.6307503620369066,192.5,0.3352626126268414,-0.4249794822299991,-0.6201736729460424,-0.6257823423552781,0.4022945003821272,0.0012923862524076,-0.389906222175476,-0.1773631184088844,-0.3768439845001369,0.1567879079022269,-0.5209915824688379,-0.1700102837917027,-0.3537200357194125,4.7,-0.1758631145281647,-0.4316095496312592,-0.5210412655964982,-0.259477324242037,-0.1574262639841924,0.2387011317154019
0.2158205119700236,1600,0.5947261741893817,-0.4089001813574705,0.6824155811472346,-0.7464521526202259,0.1339482950028235,0.0497801803865056,-0.2566718872152678,2831.02,12133.0,1456.0,0.4520464761723912,-0.45331445577771,6248.5,749.8,0.4493836642927346,-1.9626155733547185e-15,837.0,100.5,0.586402598602707,649.4,0.2872306377275789,-0.0281271975231494,-0.2657872732144759,-0.1097454842975692,0.3015113445777618,0.1339482950028253,526,0.1398111812432391,3235456,226.48,970.64,-0.2589302528825642,1132.4,582.38,-0.5265050501466859,49.54,-0.104619891492589,990.86,509.6,24.77,300.8,1289.13,-0.6307503620369066,225.1,0.3637128732273796,-0.4249794822299991,-0.6201736729460424,-0.6223048078048181,0.4192082906021031,-0.1117681664762023,-0.3318827244434951,-0.1773631184088844,-0.3164433819630682,0.1567879079022269,-0.5172936015507597,-0.2609164878485033,-0.2841212008932373,4.7,-0.1758631145281647,-0.4316095496312592,-0.516881009450321,-0.2598559593530186,-0.1574262639841924,0.2725152461228786
1.6546239251035282,1600,0.5947261741893817,0.2073387104842427,0.6824155811472346,-0.7464521526202259,0.1339482950028235,0.0497801803865056,-0.1741237537747862,3227.28,13831.0,1659.7,0.5306917493013321,-0.5319807387760097,7192.2,863.1,0.5313281690871794,-1.9626155733547185e-15,996.0,119.5,0.6777109617069348,743.6,0.3577166837956946,-0.0281271975231494,-0.2657872732144759,-0.1097454842975692,0.3015113445777618,0.1339482950028253,606,0.1851921435077479,3688320,258.18,1106.5,-0.1762702549516618,1290.9,663.9,-0.5265050501466859,56.48,0.0095192807196385,1129.55,580.9,28.24,342.9,1469.57,-0.6307503620369066,263.0,0.3921631338279178,-0.4249794822299991,-0.6201736729460424,-0.611872204153438,0.4361220808220791,-0.2231551254966585,-0.2656814183063356,-0.1773631184088844,-0.2474724236606046,0.1505038234171677,-0.5071241540260445,-0.3486356630485546,-0.2160031923399594,4.6,-0.1758631145281647,0.2043911418955953,-0.5071737451092408,-0.2598914756303257,-0.1574262639841924,0.3009100528086395
0.2158205119700236,1800,0.5947261741893817,0.2073387104842427,0.6824155811472346,-0.7464521526202259,-0.6314705335847365,0.7135159188732437,-0.11362423144263,3957.41,16960.0,2035.2,0.5700143858658023,-0.5713138802751612,8861.8,1063.4,0.5723004214844007,-0.707106781186548,1177.0,141.3,0.598577047016604,922.1,0.5374561012693962,-0.7313071356019153,-0.2657872732144759,0.599379183471326,0.3015113445777618,-0.6314705335847358,813,0.5822755633221942,4522752,316.59,1356.83,-0.1156918677754457,1583.0,814.1,-0.5265050501466859,59.36,-0.0516069480176044,1187.22,610.6,48.48,424.43,1818.99,-0.5982848720118449,388.2,0.6283002968123844,-0.4249794822299991,-0.6201736729460424,-0.4066976656762976,0.5765065396478792,-0.3306370325314226,-0.1437931311243891,-0.1773631184088844,-0.1303442282002079,0.1379356544470494,-0.3804683075818641,-0.3947716998319727,-0.1508468363324762,4.4,-0.1758631145281647,-0.4316095496312592,-0.3805170579922912,-0.2601118419860738,-0.1574262639841924,0.5410365730351151
0.2158205119700236,1800,0.5947261741893817,0.2073387104842427,0.6824155811472346,-0.7464521526202259,-0.6314705335847365,0.7135159188732437,-0.0476883848901142,4313.48,18486.0,2218.4,0.609337022430273,-0.6106470217743104,9705.3,1164.6,0.6132726738816241,-0.707106781186548,1309.0,157.1,0.6411876164652435,1007.5,0.5762234266068607,-0.7313071356019153,-0.2657872732144759,0.599379183471326,0.3015113445777618,-0.6314705335847358,890,0.6072350925676735,4929696,345.08,1478.91,-0.0496222863903923,1725.4,887.35,-0.5265050501466859,64.7,0.0265756190550683,1294.05,665.5,52.84,462.62,1982.66,-0.5982848720118449,427.8,0.6439479401426802,-0.4249794822299991,-0.6201736729460424,-0.3788773892726176,0.5858091242688661,-0.3871673088957276,-0.0842119556009455,-0.1773631184088844,-0.0691274013045302,0.1693560768723453,-0.3874020218032608,-0.4430324225198901,-0.0782863489605062,4.9,-0.1758631145281647,-0.4316095496312592,-0.3869885675530112,-0.2603139929925792,-0.1574262639841924,0.5546002668242429
0.2158205119700236,1800,0.5947261741893817,0.2073387104842427,0.6824155811472346,-0.7464521526202259,-0.6314705335847365,0.7135159188732437,0.0241970868821084,4701.69,20150.0,2418.0,0.6584903181358608,-0.6499801632734619,10629.2,1275.5,0.6542449262788456,-0.707106781186548,1456.0,174.7,0.6868417980173573,1100.8,0.614990751944327,-0.7313071356019153,-0.2657872732144759,0.599379183471326,0.3015113445777618,-0.6314705335847358,976,0.6321946218131527,5373360,376.14,1612.01,0.0223474079211778,1880.7,967.2,-0.5265050501466859,70.53,0.1118573107322173,1410.51,725.4,57.6,504.26,2161.1,-0.5982848720118449,471.3,0.6595955834729763,-0.4249794822299991,-0.6201736729460424,-0.3510571128689376,0.5951117088898528,-0.446300953250494,-0.0195683272552486,-0.1773631184088844,-0.0030132282571981,0.2007764992976413,-0.3943357360246576,-0.4937213576700929,0.0016782697759503,5.4,-0.1758631145281647,-0.4316095496312592,-0.3943845784795484,-0.2604994965681878,-0.1574262639841924,0.5723643268468854
0.2158205119700236,1800,0.5947261741893817,0.2073387104842427,0.6824155811472346,-0.7464521526202259,-0.6314705335847365,0.7135159188732437,0.1025454848733851,5124.8,21963.0,2635.6,0.6978129547003313,-0.6991465901473998,11640.6,1396.9,0.6952171786760688,-0.707106781186548,1618.0,194.2,0.729452367465997,1202.7,0.6502337749783857,-0.7313071356019153,-0.2657872732144759,0.599379183471326,0.3015113445777618,-0.6314705335847358,1069,0.6571541510586326,5856912,409.98,1757.07,0.1008013847559495,2049.9,1054.24,-0.5265050501466859,76.87,0.2046991091310162,1537.44,790.7,62.78,549.63,2355.58,-0.5982848720118449,519.3,0.6738207137732454,-0.4249794822299991,-0.6201736729460424,-0.3162817673643375,0.6035686039998407,-0.5084098753086449,0.0509165928084329,-0.1773631184088844,0.0692226274797015,0.2384810062079964,-0.4012694502460542,-0.5466867420036879,0.0905278461497911,6.0,-0.1758631145281647,-0.4316095496312592,-0.401318338723177,-0.2606696703765782,-0.1574262639841924,0.5863222035482908
0.2158205119700236,1800,0.5947261741893817,0.2073387104842427,0.6824155811472346,-0.7464521526202259,-0.6314705335847365,0.7135159188732437,0.1879401056738834,5585.96,23940.0,2872.8,0.7371355912648018,-0.7384797316465491,12748.0,1529.8,0.7361894310732903,-0.707106781186548,1797.0,215.7,0.7720629369146365,1314.1,0.68900110031585,-0.7313071356019153,-0.2657872732144759,0.599379183471326,0.3015113445777618,-0.6314705335847358,1171,0.6821136803041119,6383952,446.88,1915.19,0.1863238137106075,2234.4,1149.11,-0.5265050501466859,83.79,0.305930782062378,1675.79,861.8,68.43,599.09,2567.55,-0.5982848720118449,572.1,0.6894683571035414,-0.4249794822299991,-0.6201736729460424,-0.2780288873092774,0.6128711886208275,-0.5733081202137187,0.1280216434858304,-0.1773631184088844,0.1479882780854735,0.2761855131183516,-0.4086654120822108,-0.602080338799568,0.1882623801610159,6.6,-0.1758631145281647,-0.4316095496312592,-0.4087143496497142,-0.2608257871032992,-0.1574262639841924,0.6029910947308436
0.2158205119700236,1800,0.5947261741893817,0.2073387104842427,0.6824155811472346,-0.7464521526202259,-0.6314705335847365,0.7135159188732437,0.2810109096009837,6088.57,26094.0,3131.3,0.7764582278292722,-0.7778128731456995,13960.2,1675.2,0.7771616834705136,-0.707106781186548,1996.0,239.5,0.814673506363276,1435.7,0.7277684256533145,-0.7313071356019153,-0.2657872732144759,0.599379183471326,0.3015113445777618,-0.6314705335847358,1283,0.7070732095495912,6958368,487.09,2087.51,0.2795572813415053,2435.4,1252.51,-0.5265050501466859,91.33,0.4162899009137805,1826.57,939.4,74.59,653.0,2798.57,-0.5982848720118449,630.2,0.7051160004338373,-0.4249794822299991,-0.6201736729460424,-0.2328209381532973,0.6221737732418143,-0.6411816428221769,0.2117468247769438,-0.1773631184088844,0.2336918357394223,0.320174104513766,-0.4155991263036075,-0.6597503847788406,0.2963626980825221,7.3,-0.1758631145281647,-0.4316095496312592,-0.4156481098933429,-0.2609690038135364,-0.1574262639841924,0.6158611306185087
0.2158205119700236,1800,0.5947261741893817,0.2073387104842427,0.6824155811472346,-0.7464521526202259,-0.6314705335847365,0.7135159188732437,0.382457852562887,6636.42,28442.0,3413.0,0.8157808643937424,-0.8171460146448509,15287.5,1834.5,0.8181339358677351,-0.707106781186548,2216.0,265.9,0.8572840758119156,1568.6,0.7665357509907788,-0.7313071356019153,-0.2657872732144759,0.599379183471326,0.3015113445777618,-0.6314705335847358,1406,0.7297636906818452,7584480,530.91,2275.34,0.381144374204996,2654.6,1365.21,-0.5265050501466859,99.55,0.536514037072702,1990.93,1023.9,81.3,711.76,3050.38,-0.5982848720118449,694.1,0.7207636437641335,-0.4249794822299991,-0.6201736729460424,-0.1806579198963973,0.631476357862801,-0.7118444882775583,0.3032603950253701,-0.1773631184088844,0.3271495248001571,0.3704467803942395,-0.4225328405250043,-0.7198486432203982,0.4163096261872069,8.1,-0.1758631145281647,-0.4316095496312592,-0.4230441208198801,-0.261100400070902,-0.1574262639841924,0.630469287121686
0.2158205119700236,1800,0.5947261741893817,0.2073387104842427,0.6824155811472346,-0.7464521526202259,-0.6314705335847365,0.7135159188732437,0.4930508860586142,7233.66,31001.0,3720.2,0.8551035009582132,-0.8564791561440002,16740.8,2008.9,0.8591061882649583,-0.707106781186548,2459.0,295.1,0.8998946452605551,1713.8,0.805303076328243,-0.7313071356019153,-0.2657872732144759,0.599379183471326,0.3015113445777618,-0.6314705335847358,1540,0.7547232199273245,8267040,578.69,2480.11,0.4919029297364383,2893.5,1488.07,-0.5265050501466859,108.5,0.6676173511969246,2170.1,1116.1,88.61,775.81,3324.9,-0.5982848720118449,764.4,0.7364112870944293,-0.4249794822299991,-0.6201736729460424,-0.1250173670890371,0.6407789424837878,-0.7854826114363238,0.4029517736789751,-0.1773631184088844,0.4287694574469821,0.4270035407597723,-0.429466554746401,-0.7820715875664555,0.549583990747968,9.0,-0.1758631145281647,-0.4316095496312592,-0.4295156303806002,-0.2612209672654546,-0.1574262639841924,0.6460781399730859
0.2158205119700236,1800,0.5947261741893817,0.2073387104842427,0.6824155811472346,-0.7464521526202259,-0.6314705335847365,0.7135159188732437,0.6135832934507928,7884.58,33791.0,4054.9,0.9042567966638012,-0.8958122976431505,18331.6,2199.8,0.9000784406621798,-0.707106781186548,2729.0,327.4,0.9455488268126688,1872.4,0.8440704016657073,-0.7313071356019153,-0.2657872732144759,0.599379183471326,0.3015113445777618,-0.6314705335847358,1687,0.7796827491728044,9010944,630.77,2703.28,0.6125923684115228,3153.8,1621.97,-0.5265050501466859,118.27,0.8105218075207958,2365.37,1216.5,96.59,845.62,3624.09,-0.5982848720118449,841.7,0.7520589304247252,-0.4249794822299991,-0.6201736729460424,-0.058944210630297,0.6500815271047745,-0.8617241025855511,0.5115997996334897,-0.1773631184088844,0.5393678580385066,0.483560301125305,-0.4364002689677978,-0.846570981095905,0.6961857917648053,9.9,-0.1758631145281647,-0.4316095496312592,-0.4364493906242288,-0.2613315686937539,-0.1574262639841924,0.662036613110839
0.2158205119700236,1800,0.5947261741893817,0.2073387104842427,0.6824155811472346,-0.7464521526202259,-0.6314705335847365,0.7135159188732437,0.7449650174200838,8594.08,36832.0,4419.8,0.9435794332282714,-0.9449787245170884,20073.3,2408.8,0.941050693059403,-0.707106781186548,3026.0,363.2,0.988159396261309,2045.6,0.8793134246997663,-0.7313071356019153,-0.2657872732144759,0.599379183471326,0.3015113445777618,-0.6314705335847358,1848,0.8046422784182843,9821808,687.53,2946.54,0.7442057785446133,3437.6,1767.93,-0.5265050501466859,128.91,0.9662415667020982,2578.22,1325.9,105.28,921.72,3950.21,-0.5982848720118449,926.7,0.7662840607249942,-0.4249794822299991,-0.6201736729460424,0.014084014929363,0.6585384222147626,-0.9407549165817012,0.6299833117846456,-0.1773631184088844,0.6593528387540349,0.5589693149460153,-0.4502676974105912,-0.9156232729921392,0.8605575080564106,11.1,-0.1758631145281647,-0.4316095496312592,-0.450316911111486,-0.2614330416842925,-0.1574262639841924,0.681826682034906
0.2158205119700236,1800,0.5947261741893817,0.2073387104842427,0.6824155811472346,-0.7464521526202259,-0.6314705335847365,0.7135159188732437,0.8881759962379685,9367.47,40146.0,4817.6,0.9829020697927422,-0.9843118660162388,21980.1,2637.6,0.9820229454566244,-0.707106781186548,3356.0,402.7,1.030769965709948,2234.9,0.9180807500372306,-0.7313071356019153,-0.2657872732144759,0.599379183471326,0.3015113445777618,-0.6314705335847358,2025,0.8296018076637636,10705680,749.4,3211.7,0.8876194145307372,3747.0,1927.02,-0.5265050501466859,140.51,1.1360673786689182,2810.24,1445.3,114.75,1004.66,4305.69,-0.5982848720118449,1020.3,0.7819317040552904,-0.4249794822299991,-0.6201736729460424,0.0975448441404032,0.6678410068357492,-1.025364376271697,0.7592705684760394,-0.1773631184088844,0.7907649604900897,0.5212648080356602,-0.3726100981309478,-0.9591793340343792,1.0160442667106315,10.5,-0.1758631145281647,-0.4316095496312592,-0.3726587963828452,-0.261526141291645,-0.1574262639841924,0.6966816872366424
2.6138262005258657,1800,0.5947261741893817,1.5938762171280976,0.6824155811472346,-0.7464521526202259,-0.6314705335847365,0.7135159188732437,1.0442894956303548,10210.54,43759.0,5251.1,1.0222247063572123,-1.0236450075153891,24067.7,2888.1,1.0229951978538478,-0.707106781186548,3720.0,446.3,1.073380535158588,2441.8,0.9568480753746968,-0.7313071356019153,-0.2657872732144759,0.599379183471326,0.3015113445777618,-0.6314705335847358,2218,0.8545613369092429,11669184,816.84,3500.76,1.043943198603596,4084.2,2100.45,-0.5265050501466859,153.16,1.3211056005024728,3063.16,1575.3,125.08,1095.08,4693.2,-0.5982848720118449,1123.2,0.7975793473855862,-0.4249794822299991,-0.6201736729460424,0.1914382770028233,0.677143591456736,-1.0787334200761558,0.899850989155537,-0.1773631184088844,0.9331961110673668,0.4647080476701274,-0.2796983275642316,-0.972230976019162,1.158203588908777,9.6,-0.1758631145281647,0.6283916029134986,-0.2797464091182219,-0.2613742805587554,-0.1574262639841924,0.7141057104592927
0.2158205119700236,2000,0.5947261741893817,0.8235776023259559,0.6824155811472346,-0.7464521526202259,-1.3968893621722964,1.3772516573599822,1.1322039577003755,11872.56,50882.0,6105.9,1.0615473429216828,-1.0629781490145396,28112.5,3373.5,1.0639674502510692,-1.414213562373096,4138.0,496.6,0.9607668873300408,2876.9,1.1753548181858589,-1.43448707368068,-1.2038600022067447,1.4098073752072078,1.5075567228888178,-1.3968893621722958,2804,1.2834114303088455,13568640,949.8,4070.59,1.1320359737836672,4749.0,2442.36,-0.5265050501466859,148.41,1.0343747236203826,2968.14,1526.5,186.99,1285.2,5508.02,-0.5658193819867832,1518.7,1.0522091797604023,-0.4249794822299991,-0.6201736729460424,1.046911776415985,0.8285220139255206,-1.0947255377318477,1.1771176360358753,-0.1773631184088844,1.1809202039052091,0.3892990338494171,0.2648293626227919,-0.8065054754681998,1.282592995832154,8.4,-0.1758631145281647,-0.4316095496312592,0.2647848953480808,-0.2615529606924844,-0.1574262639841924,0.9823232366578908
0.2158205119700236,2000,0.5947261741893817,0.8235776023259559,0.6824155811472346,-0.7464521526202259,-1.3968893621722964,1.3772516573599822,1.224201495901568,12424.58,53248.0,6389.8,1.1008699794861534,-1.10231129051369,29552.8,3546.3,1.1049397026482926,-1.414213562373096,4402.0,528.2,1.0033774567786795,3018.1,1.2141221435233231,-1.43448707368068,-1.2038600022067447,1.4098073752072078,1.5075567228888178,-1.3968893621722958,2949,1.308370959554325,14199520,993.97,4259.86,1.2241595191808636,4969.8,2555.91,-0.5265050501466859,155.31,1.1252803971270515,3106.15,1597.4,195.69,1344.96,5764.12,-0.5658193819867832,1603.8,1.0692793361207251,-0.4249794822299991,-0.6201736729460424,1.172103020232545,0.8386702880575061,-0.8916628344758574,1.2694100451800332,-0.1773631184088844,1.2715211077108124,0.4207194562747131,0.3119786193282897,-0.6253001204701698,1.414386534120018,8.9,-0.1758631145281647,-0.4316095496312592,0.3119344650047555,-0.2615977336649735,-0.1574262639841924,0.9996433951092882
0.2158205119700236,2000,0.5947261741893817,0.8235776023259559,0.6824155811472346,-0.7464521526202259,-1.3968893621722964,1.3772516573599822,1.3204687651427855,13002.22,55724.0,6686.9,1.1500232751917414,-1.1416444320128405,31066.0,3727.9,1.145911955045514,-1.414213562373096,4681.0,561.7,1.0429444141238455,3166.2,1.256413771164197,-1.43448707368068,-1.2038600022067447,1.4098073752072078,1.5075567228888178,-1.3968893621722958,3101,1.33559953691303,14859680,1040.18,4457.9,1.3205475026338591,5200.9,2674.74,-0.5265050501466859,162.53,1.2203349096882847,3250.56,1671.7,204.78,1407.49,6032.1,-0.5658193819867832,1693.5,1.0863494924810484,-0.4249794822299991,-0.6201736729460424,1.3007717985995653,0.8488185621894916,-0.669632735860791,1.3655966488028477,-0.1773631184088844,1.3657950211301555,0.4521398787000091,0.3628258569518657,-0.4275525680728223,1.5535842037723684,9.4,-0.1758631145281647,-0.4316095496312592,0.3623197894417903,-0.2616405141040621,-0.1574262639841924,1.0171787615164234
0.2158205119700236,2000,0.5947261741893817,0.8235776023259559,0.6824155811472346,-0.7464521526202259,-1.3968893621722964,1.3772516573599822,1.421215752196488,13606.74,58315.0,6997.8,1.1893459117562115,-1.1908108588867783,32656.2,3918.7,1.1868842074427373,-1.414213562373096,4976.0,597.1,1.0825113714690102,3321.6,1.2987053988050667,-1.43448707368068,-1.2038600022067447,1.4098073752072078,1.5075567228888178,-1.3968893621722958,3261,1.3628281142717344,15550560,1088.54,4665.17,1.4214335919813283,5442.7,2799.1,-0.5265050501466859,170.08,1.319907046997821,3401.69,1749.4,214.31,1472.93,6312.56,-0.5658193819867832,1788.2,1.1019971358113445,-0.4249794822299991,-0.6201736729460424,1.4433507151684255,0.8581211468104784,-0.4273335578914179,1.4664562858000492,-0.1773631184088844,1.4645581685218494,0.483560301125305,0.4169088278787603,-0.2118969487661217,1.7001860047892057,9.9,-0.1758631145281647,-0.4316095496312592,0.4168653700250021,-0.2616813955532594,-0.1574262639841924,1.034599004625246
0.2158205119700236,2000,0.5947261741893817,0.8235776023259559,0.6824155811472346,-0.7464521526202259,-1.3968893621722964,1.3772516573599822,1.526652443835136,14239.4,61026.0,7323.1,1.2286685483206825,-1.2301440003859276,34327.1,4119.3,1.2278564598399588,-1.414213562373096,5289.0,634.7,1.1251219409176505,3484.6,1.337472724142531,-1.43448707368068,-1.2038600022067447,1.4098073752072078,1.5075567228888178,-1.3968893621722958,3429,1.3877876435172136,16273600,1139.15,4882.08,1.5270514550619445,5695.8,2929.25,-0.5265050501466859,177.99,1.424089005479095,3559.85,1830.8,224.27,1541.42,6606.06,-0.5658193819867832,1887.9,1.1190672921716671,-0.4249794822299991,-0.6201736729460424,1.5894071662877458,0.8682694209424638,-0.1630917068595845,1.572378375619504,-0.1773631184088844,1.5678105498858923,0.5212648080356602,0.4746897797237331,0.0228808436810745,1.855672763443427,10.5,-0.1758631145281647,-0.4316095496312592,0.4751089560714827,-0.2617204627100989,-0.1574262639841924,1.0542481106787482
0.2158205119700236,2000,0.5947261741893817,0.8235776023259559,0.6824155811472346,-0.7464521526202259,-1.3968893621722964,1.3772516573599822,1.6369888268311896,14901.46,63863.0,7663.6,1.2679911848851528,-1.269477141885079,36082.8,4329.9,1.2688287122371802,-1.414213562373096,5620.0,674.4,1.164688898262816,3655.5,1.3797643517834028,-1.43448707368068,-1.2038600022067447,1.4098073752072078,1.5075567228888178,-1.3968893621722958,3606,1.4150162208759187,17030240,1192.12,5109.07,1.6375763427547128,5960.6,3065.44,-0.5265050501466859,186.27,1.533065177978976,3725.37,1915.9,234.7,1613.08,6913.21,-0.5658193819867832,1993.1,1.1361374485319902,-0.4249794822299991,-0.6201736729460424,1.7493737556089062,0.8775720055634507,0.1245804560864017,1.6825840793654816,-0.1773631184088844,1.6755521652222856,0.5589693149460153,0.5366309601015439,0.2778431522210162,2.021525306007929,11.1,-0.1758631145281647,-0.4316095496312592,0.5365882968983233,-0.2617577932304558,-0.1574262639841924,1.071096682636436
0.2158205119700236,2000,0.5947261741893817,0.8235776023259559,0.6824155811472346,-0.7464521526202259,-1.3968893621722964,1.3772516573599822,1.7524582198207157,15594.32,66833.0,8019.9,1.3073138214496227,-1.3088102833842294,37927.6,4551.3,1.3098009646344035,-1.414213562373096,5970.0,716.4,1.2042558556079803,3834.9,1.4220559794242726,-1.43448707368068,-1.2038600022067447,1.4098073752072078,1.5075567228888178,-1.3968893621722958,3792,1.4422447982346238,17822080,1247.55,5346.62,1.7531835059386391,6237.7,3207.97,-0.5265050501466859,194.93,1.6471121537677689,3898.58,2005.0,245.61,1688.09,7234.65,-0.5658193819867832,2103.9,1.1517850918622858,-0.4249794822299991,-0.6201736729460424,1.9162954140309865,0.8877202796954362,0.4369846149417714,1.7982416553815777,-0.1773631184088844,1.788191126710332,0.6029579063414299,0.6027323690121927,0.5545076096426313,2.1947819799369186,11.8,-0.1758631145281647,-0.4316095496312592,0.6026901445542495,-0.2617934660495678,-0.1574262639841924,1.0897466672544232
0.2158205119700236,2000,0.5947261741893817,0.8235776023259559,0.6824155811472346,-0.7464521526202259,-1.3968893621722964,1.3772516573599822,1.8732939414397811,16319.38,69940.0,8392.8,1.3466364580140937,-1.3481434248833786,39865.9,4783.9,1.350773217031625,-1.414213562373096,6341.0,760.9,1.2468664250566206,4023.0,1.4608233047617372,-1.43448707368068,-1.2038600022067447,1.4098073752072078,1.5075567228888178,-1.3968893621722958,3987,1.467204327480103,18650720,1305.55,5595.22,1.8742234463717344,6527.8,3357.13,-0.5265050501466859,203.99,1.7665065221157774,4079.85,2098.2,257.03,1766.57,7571.03,-0.5658193819867832,2220.8,1.168855248222609,-0.4249794822299991,-0.6201736729460424,2.0971272106549064,0.8978685538274217,0.7759803182711398,1.9193511036677928,-0.1773631184088844,1.9061355465293384,0.6469464977368441,0.6734562540704395,0.8543918487348484,2.379885264049087,12.5,-0.1758631145281647,-0.4316095496312592,0.6734144990392616,-0.2618275532280832,-0.1574262639841924,1.1076444948631516
0.2158205119700236,2000,0.5947261741893817,0.8235776023259559,0.6824155811472346,-0.7464521526202259,-1.3968893621722964,1.3772516573599822,1.9997526421880605,17078.18,73192.0,8783.1,1.3957897537196815,-1.38747656638253,41902.5,5028.3,1.3917454694288482,-1.414213562373096,6734.0,808.0,1.2864333824017855,4220.3,1.503114932402607,-1.43448707368068,-1.2038600022067447,1.4098073752072078,1.5075567228888178,-1.3968893621722958,4193,1.494432904838808,19517920,1366.25,5855.38,2.000871414933004,6831.3,3513.23,-0.5265050501466859,213.48,1.8914326758698716,4269.55,2195.8,268.98,1848.71,7923.06,-0.5658193819867832,2344.0,1.185925404582932,-0.4249794822299991,-0.6201736729460424,2.2883916109302067,0.9080168279594072,1.143427114639122,2.045912424224128,-0.1773631184088844,2.028977312499998,0.6909350891322584,0.748802615276284,1.1791652655654885,2.575354332071537,13.2,-0.1758631145281647,-0.4316095496312592,0.7492236110362683,-0.2618601270926053,-0.1574262639841924,1.126918825244292
0.2158205119700236,2000,0.5947261741893817,0.8235776023259559,0.6824155811472346,-0.7464521526202259,-1.3968893621722964,1.3772516573599822,2.132090972565225,17872.26,76595.0,9191.4,1.4351123902841516,-1.4366429932564682,44042.4,5285.1,1.4327177218260698,-1.414213562373096,7149.0,857.9,1.3260003397469509,4427.2,1.5454065600434788,-1.43448707368068,-1.2038600022067447,1.4098073752072078,1.5075567228888178,-1.3968893621722958,4408,1.5216614821975138,20425440,1429.78,6127.63,2.1334194964207907,7148.9,3676.58,-0.5265050501466859,223.4,2.022167204300355,4468.07,2297.9,281.49,1934.67,8291.45,-0.5658193819867832,2473.8,1.2015730479132278,-0.4249794822299991,-0.6201736729460424,2.4900886148568877,0.917319412580394,1.5413705074667954,2.178704455946312,-0.1773631184088844,2.157940761160226,-4.631684469712879,4.778677320752066,2.8268591845048614,1.5165635469499348,-71.5,-0.1758631145281647,-0.4316095496312592,4.778662813950324,-0.2618912536007277,-0.1574262639841924,1.1450593119105017
0.2158205119700236,2000,0.5947261741893817,0.8235776023259559,0.6824155811472346,-0.7464521526202259,-1.3968893621722964,1.3772516573599822,2.2705889149345584,18703.3,80157.0,9618.8,1.4744350268486226,-1.4759761347556173,46290.7,5554.9,1.473689974223293,-1.414213562373096,7588.0,910.6,1.368610909195591,4644.3,1.584173885380943,-1.43448707368068,-1.2038600022067447,1.4098073752072078,1.5075567228888178,-1.3968893621722958,4635,1.546621011442993,21375200,1496.26,6412.56,2.2721013586737677,7481.3,3847.54,-0.5265050501466859,233.79,2.158986696677532,4675.83,2404.7,294.58,2024.63,8677.0,-0.5658193819867832,2610.7,1.2186432042735509,-0.4249794822299991,-0.6201736729460424,2.705695756985408,0.9274676867123796,3.5602823840696223,2.3173377793864813,-0.1773631184088844,2.292209668151412,-4.908184187055483,5.105024136772472,4.581697978342566,0.3926164058208495,-75.9,-0.1758631145281647,-0.4316095496312592,5.105011796083778,-0.2619209984258205,-0.1574262639841924,1.1641562663620797
5.011831889081706,2000,0.5947261741893817,3.9047720615345223,0.6824155811472346,-0.7464521526202259,-1.3968893621722964,1.3772516573599822,2.415526451659338,19572.98,83884.0,10066.1,1.5137576634130927,-1.5153092762547689,48652.8,5838.3,1.5146622266205143,-1.414213562373096,8053.0,966.3,1.408177866540756,4872.0,1.6264655130218129,-1.43448707368068,-1.2038600022067447,1.4098073752072078,1.5075567228888178,-1.3968893621722958,4874,1.5738495888016977,22369120,1565.84,6710.74,2.417267503449946,7829.2,4026.44,-0.5265050501466859,244.66,2.302167742271708,4893.25,2516.5,308.27,2118.78,9080.46,-0.5658193819867832,2754.9,1.2357133606338735,-0.4249794822299991,-0.6201736729460424,2.935213037315768,0.9376159608443652,5.710478389334288,2.4622018139925004,-0.1773631184088844,2.433008370011471,3.1103076158800484,-0.661052609741052,4.443441631271205,1.158203588908777,51.7,-0.1758631145281647,1.6883927554582563,-0.6611032225177973,-0.2616437885201366,-0.1574262639841924,1.180147527002505
